,KARABÜK ÜNİVERSİTESİ,"    
		
		 
		
				  
				 
				
		
 





FAKÜLTE BİLGİ SISTEMİ


Kullanıcı Adı



Şifre





Şifremi Unuttum?




  "
ENDÜSTRİ MÜHENDİSLİĞİ,
"

AnasayfaGenel BilgilerYönetimMisyonVizyonPersonelAkademik Personelİdari PersonelLisansAkademik TakvimYönetmelikDerslerStajLisansüstüAkademik TakvimYönetmelik (Örgün)Yüksek LisansDoktoraİletişim
"
"
I. ve II. öğretim DERS İÇERİKLERİNE ulaşmak için tıklayınız.
I. ve II. öğretim 2018 ÖNCESİ DERS İÇERİKLERİNE ulaşmak için tıklayınız.
			

			I. ve II. öğretim 2018 ÖNCESİ MÜFREDATINA ulaşmak için tıklayınız.
Uzaktan eğitim 2018 ÖNCESİ MÜFREDATINA ulaşmak için tıklayınız.

I. ve II. öğretim 2018'de YÜRÜRLÜĞE GİRENMÜFREDATAulaşmak için tıklayınız.
"
