1-,"Ağaçişleri endüstrisinde, üretimde kullanılan malzemeleri, yardımcı gereçleri ve makinaları tanımak ve kullanmak"
2-,Ağaçişleri endüstrisinde etkili faktörleri analiz ederek ürün tasarımı yapmak
3-,Ağaçişleri endüstrisinde tasarım ve üretimde kullanılan yazılımları ve teknolojik kaynakları kullanmak
4-,Ağaçişleri endüstrisinde üretim süreçlerini belirlemek
5-,"Kalite, güvence ve standartlarını takip etmek ve uygulamak"
6-,Ağaçişleri endüstrisinde ürün mühendisliğinin temel prensiplerini tanımak ve alanında uygulamak
7-,Alanındaki iş güvenliği ilkelerini bilmek ve uygulamak
8-,Alanında işletme kurulmasına yönelik fizibilite çalışması yapmak
9-,Alanında işletme yöneticiliği yapmak
10-,Alanında ürün pazarlama sürecini analiz etmek
11-,"İş etiğinin değerlerine uymanın gereğini özümsemek, alanında bilimsel ve etik değerlere sahip olmak ve uygulamak"
12-,Yaşam boyu öğrenme için gerekli olan bilgiye ulaşma yöntemlerini aktif olarak kullanmak
13-,"Alanında yapılan akademik çalışmaları mesleki gelişimi için takip etmek, mesleki iletişim becerilerinin geliştirilmesine yönelik bilimsel ve sosyal etkinlikler düzenlemek"
14-,"Bir yabancı dili kullanarak alanı ile ilgili bilgileri izlemek ve meslektaşları ile iletişim kurmak (“European Language Portfolio Global Scale”, Level B1)"
15-,Endüstri mühendisliğinin analitik ve sistem düşüncesini de içeren temel prensiplerini uygulayarak ağaçişleri endüstrisindeki problemleri çözmek
16-,Alanının gerektirdiği en az Avrupa Bilgisayar Kullanma Lisansı İleri Düzeyinde bilgisayar yazılımı ile birlikte bilişim ve iletişim teknolojilerini kullanır.
"

1. Yıl
                                        - 1. Dönem







Ders Kodu

Ders Adı

Ders Türü

Teori

Uygulama

AKTS

Yazdır



AEM1003

Ağaç Malzeme Teknolojisi I

Zorunlu

3

0

4







ENF1805

Temel Bilgi Teknolojisi Kullanımı

Zorunlu

3

0

3







FİZ1801

Genel Fizik I

Zorunlu

2

2

4







KİM1801

Genel Kimya

Zorunlu

2

2

4







MAT1801

Genel Matematik I

Zorunlu

3

1

4







TDB1801

Türk Dili I

Zorunlu

2

0

2







YDB1811

İngilizce I

Zorunlu Seçmeli

3

0

3







YDB1813

Almanca I

Zorunlu Seçmeli

3

0

3







YDB1815

Fransızca I

Zorunlu Seçmeli

3

0

3







İKT1803

İktisada Giriş

Zorunlu

3

0

4







İSG1801

İş Sağlığı ve Güvenliği I

Zorunlu

2

0

2










","
AEM1003
","
Ağaç Malzeme Teknolojisi I
","
Zorunlu
","
3
","
0
","
4
","



","
ENF1805
","
Temel Bilgi Teknolojisi Kullanımı
","
Zorunlu
","
3
","
0
","
3
","



","
FİZ1801
","
Genel Fizik I
","
Zorunlu
","
2
","
2
","
4
","



","
KİM1801
","
Genel Kimya
","
Zorunlu
","
2
","
2
","
4
","



","
MAT1801
","
Genel Matematik I
","
Zorunlu
","
3
","
1
","
4
","



","
TDB1801
","
Türk Dili I
","
Zorunlu
","
2
","
0
","
2
","



","
YDB1811
","
İngilizce I
","
Zorunlu Seçmeli
","
3
","
0
","
3
","



","
YDB1813
","
Almanca I
","
Zorunlu Seçmeli
","
3
","
0
","
3
","



","
YDB1815
","
Fransızca I
","
Zorunlu Seçmeli
","
3
","
0
","
3
","



","
İKT1803
","
İktisada Giriş
","
Zorunlu
","
3
","
0
","
4
","



","
İSG1801
","
İş Sağlığı ve Güvenliği I
","
Zorunlu
","
2
","
0
","
2
","



",,,,,,,

"
AEM1003
","
Ağaç Malzeme Teknolojisi I
","
Zorunlu
","
3
","
0
","
4
","



"
"
ENF1805
","
Temel Bilgi Teknolojisi Kullanımı
","
Zorunlu
","
3
","
0
","
3
","



"
"
FİZ1801
","
Genel Fizik I
","
Zorunlu
","
2
","
2
","
4
","



"
"
KİM1801
","
Genel Kimya
","
Zorunlu
","
2
","
2
","
4
","



"
"
MAT1801
","
Genel Matematik I
","
Zorunlu
","
3
","
1
","
4
","



"
"
TDB1801
","
Türk Dili I
","
Zorunlu
","
2
","
0
","
2
","



"
"
YDB1811
","
İngilizce I
","
Zorunlu Seçmeli
","
3
","
0
","
3
","



"
"
YDB1813
","
Almanca I
","
Zorunlu Seçmeli
","
3
","
0
","
3
","



"
"
YDB1815
","
Fransızca I
","
Zorunlu Seçmeli
","
3
","
0
","
3
","



"
"
İKT1803
","
İktisada Giriş
","
Zorunlu
","
3
","
0
","
4
","



"
"
İSG1801
","
İş Sağlığı ve Güvenliği I
","
Zorunlu
","
2
","
0
","
2
","



"
,,,,,,
"

1. Yıl
                                        - 2. Dönem







Ders Kodu

Ders Adı

Ders Türü

Teori

Uygulama

AKTS

Yazdır



AEM1004

Ahşap Yapılar ve Konstrüksiyonlar

Zorunlu

3

0

4







AEM1006

Teknik Çizim ve Tasarı Geometri

Zorunlu

2

2

4







AEM1008

Ağaç Malzeme Teknolojisi II

Zorunlu

3

0

4







ENF1910

Web Sayfası Tasarımı

Seçmeli

3

0

3







ENF1960

Bilgisayar Destekli Tasarım

Seçmeli

3

0

3







ENF1980

Programlama Dilleri

Seçmeli

3

0

3







FİZ1802

Genel Fizik II

Zorunlu

2

2

4







MAT1802

Genel Matematik II

Zorunlu

3

1

4







TDB1802

Türk Dili II

Zorunlu

2

0

2







YDB1812

İngilizce II

Zorunlu Seçmeli

3

0

3







YDB1814

Almanca II

Zorunlu Seçmeli

3

0

3







YDB1816

Fransızca II

Zorunlu Seçmeli

3

0

3







İSG1802

İş Sağlığı ve Güvenliği II

Zorunlu

2

0

2










","
AEM1004
","
Ahşap Yapılar ve Konstrüksiyonlar
","
Zorunlu
","
3
","
0
","
4
","



","
AEM1006
","
Teknik Çizim ve Tasarı Geometri
","
Zorunlu
","
2
","
2
","
4
","



","
AEM1008
","
Ağaç Malzeme Teknolojisi II
","
Zorunlu
","
3
","
0
","
4
","



","
ENF1910
","
Web Sayfası Tasarımı
","
Seçmeli
","
3
","
0
","
3
","



","
ENF1960
","
Bilgisayar Destekli Tasarım
","
Seçmeli
","
3
","
0
","
3
","



","
ENF1980
","
Programlama Dilleri
","
Seçmeli
","
3
","
0
","
3
","



","
FİZ1802
","
Genel Fizik II
","
Zorunlu
","
2
","
2
","
4
","



","
MAT1802
","
Genel Matematik II
","
Zorunlu
","
3
","
1
","
4
","



","
TDB1802
","
Türk Dili II
","
Zorunlu
","
2
","
0
","
2
","



","
YDB1812
","
İngilizce II
","
Zorunlu Seçmeli
","
3
","
0
","
3
","



","
YDB1814
","
Almanca II
","
Zorunlu Seçmeli
","
3
","
0
","
3
","



","
YDB1816
","
Fransızca II
","
Zorunlu Seçmeli
","
3
","
0
","
3
","



","
İSG1802
","
İş Sağlığı ve Güvenliği II
","
Zorunlu
","
2
","
0
","
2
","



",,,,,,,

"
AEM1004
","
Ahşap Yapılar ve Konstrüksiyonlar
","
Zorunlu
","
3
","
0
","
4
","



"
"
AEM1006
","
Teknik Çizim ve Tasarı Geometri
","
Zorunlu
","
2
","
2
","
4
","



"
"
AEM1008
","
Ağaç Malzeme Teknolojisi II
","
Zorunlu
","
3
","
0
","
4
","



"
"
ENF1910
","
Web Sayfası Tasarımı
","
Seçmeli
","
3
","
0
","
3
","



"
"
ENF1960
","
Bilgisayar Destekli Tasarım
","
Seçmeli
","
3
","
0
","
3
","



"
"
ENF1980
","
Programlama Dilleri
","
Seçmeli
","
3
","
0
","
3
","



"
"
FİZ1802
","
Genel Fizik II
","
Zorunlu
","
2
","
2
","
4
","



"
"
MAT1802
","
Genel Matematik II
","
Zorunlu
","
3
","
1
","
4
","



"
"
TDB1802
","
Türk Dili II
","
Zorunlu
","
2
","
0
","
2
","



"
"
YDB1812
","
İngilizce II
","
Zorunlu Seçmeli
","
3
","
0
","
3
","



"
"
YDB1814
","
Almanca II
","
Zorunlu Seçmeli
","
3
","
0
","
3
","



"
"
YDB1816
","
Fransızca II
","
Zorunlu Seçmeli
","
3
","
0
","
3
","



"
"
İSG1802
","
İş Sağlığı ve Güvenliği II
","
Zorunlu
","
2
","
0
","
2
","



"
,,,,,,
"

2. Yıl
                                        - 1. Dönem







Ders Kodu

Ders Adı

Ders Türü

Teori

Uygulama

AKTS

Yazdır



AEM2001

Üretim Teknikleri I

Zorunlu

2

2

3







AEM2003

Malzeme Mekaniği

Zorunlu

3

0

5







AEM2007

Bilgisayar Destekli Ürün Tasarımı

Zorunlu

2

2

5







AEM2501

Ağaçişleri İşleme Makineleri I

Seçmeli

3

0

5







AEM2503

Güvenli Çalışma İlkeleri

Seçmeli

3

0

2







AEM2505

Teknik İngilizce

Seçmeli

3

0

2







AEM2507

Kara Kalem

Seçmeli

3

0

2







AEM2509

Temel Tasarım

Seçmeli

3

0

5







ATB2801

Atatürk İlkeleri ve İnkılap Tarihi I

Zorunlu

2

0

2







IST2801

Mühendislikte İstatistik

Zorunlu

2

0

3







YDB2811

İngilizce III

Zorunlu Seçmeli

3

0

3







YDB2813

Almanca III

Zorunlu Seçmeli

3

0

3







YDB2815

Fransızca III

Zorunlu Seçmeli

3

0

3










","
AEM2001
","
Üretim Teknikleri I
","
Zorunlu
","
2
","
2
","
3
","



","
AEM2003
","
Malzeme Mekaniği
","
Zorunlu
","
3
","
0
","
5
","



","
AEM2007
","
Bilgisayar Destekli Ürün Tasarımı
","
Zorunlu
","
2
","
2
","
5
","



","
AEM2501
","
Ağaçişleri İşleme Makineleri I
","
Seçmeli
","
3
","
0
","
5
","



","
AEM2503
","
Güvenli Çalışma İlkeleri
","
Seçmeli
","
3
","
0
","
2
","



","
AEM2505
","
Teknik İngilizce
","
Seçmeli
","
3
","
0
","
2
","



","
AEM2507
","
Kara Kalem
","
Seçmeli
","
3
","
0
","
2
","



","
AEM2509
","
Temel Tasarım
","
Seçmeli
","
3
","
0
","
5
","



","
ATB2801
","
Atatürk İlkeleri ve İnkılap Tarihi I
","
Zorunlu
","
2
","
0
","
2
","



","
IST2801
","
Mühendislikte İstatistik
","
Zorunlu
","
2
","
0
","
3
","



","
YDB2811
","
İngilizce III
","
Zorunlu Seçmeli
","
3
","
0
","
3
","



","
YDB2813
","
Almanca III
","
Zorunlu Seçmeli
","
3
","
0
","
3
","



","
YDB2815
","
Fransızca III
","
Zorunlu Seçmeli
","
3
","
0
","
3
","



",,,,,,,

"
AEM2001
","
Üretim Teknikleri I
","
Zorunlu
","
2
","
2
","
3
","



"
"
AEM2003
","
Malzeme Mekaniği
","
Zorunlu
","
3
","
0
","
5
","



"
"
AEM2007
","
Bilgisayar Destekli Ürün Tasarımı
","
Zorunlu
","
2
","
2
","
5
","



"
"
AEM2501
","
Ağaçişleri İşleme Makineleri I
","
Seçmeli
","
3
","
0
","
5
","



"
"
AEM2503
","
Güvenli Çalışma İlkeleri
","
Seçmeli
","
3
","
0
","
2
","



"
"
AEM2505
","
Teknik İngilizce
","
Seçmeli
","
3
","
0
","
2
","



"
"
AEM2507
","
Kara Kalem
","
Seçmeli
","
3
","
0
","
2
","



"
"
AEM2509
","
Temel Tasarım
","
Seçmeli
","
3
","
0
","
5
","



"
"
ATB2801
","
Atatürk İlkeleri ve İnkılap Tarihi I
","
Zorunlu
","
2
","
0
","
2
","



"
"
IST2801
","
Mühendislikte İstatistik
","
Zorunlu
","
2
","
0
","
3
","



"
"
YDB2811
","
İngilizce III
","
Zorunlu Seçmeli
","
3
","
0
","
3
","



"
"
YDB2813
","
Almanca III
","
Zorunlu Seçmeli
","
3
","
0
","
3
","



"
"
YDB2815
","
Fransızca III
","
Zorunlu Seçmeli
","
3
","
0
","
3
","



"
,,,,,,
"

2. Yıl
                                        - 2. Dönem







Ders Kodu

Ders Adı

Ders Türü

Teori

Uygulama

AKTS

Yazdır



AEM2002

Üretim Teknikleri II

Zorunlu

2

2

3







AEM2004

Tasarım Proje I

Zorunlu

3

0

3







AEM2006

Zorunlu Meslek Stajı

Zorunlu

0

0

8







AEM2502

Malzeme Mukavemeti

Seçmeli

3

0

4







AEM2504

Ağaç İşleri İşleme Makineleri II

Seçmeli

3

0

5







AEM2506

Yapıştırıcılar

Seçmeli

3

0

4







AEM2508

Mesleki İngilizce

Seçmeli

3

0

3







AEM2510

Ağaç Malzeme Koruma Teknikleri

Seçmeli

3

0

3







AEM2512

Sanat Tarihi

Seçmeli

3

0

3







ATB2802

Atatürk İlkeleri ve İnkılap Tarihi II

Zorunlu

2

0

2







YDB2812

İngilizce IV

Zorunlu Seçmeli

3

0

3







YDB2814

Almanca IV

Zorunlu Seçmeli

3

0

3







YDB2816

Fransızca IV

Zorunlu Seçmeli

3

0

3










","
AEM2002
","
Üretim Teknikleri II
","
Zorunlu
","
2
","
2
","
3
","



","
AEM2004
","
Tasarım Proje I
","
Zorunlu
","
3
","
0
","
3
","



","
AEM2006
","
Zorunlu Meslek Stajı
","
Zorunlu
","
0
","
0
","
8
","



","
AEM2502
","
Malzeme Mukavemeti
","
Seçmeli
","
3
","
0
","
4
","



","
AEM2504
","
Ağaç İşleri İşleme Makineleri II
","
Seçmeli
","
3
","
0
","
5
","



","
AEM2506
","
Yapıştırıcılar
","
Seçmeli
","
3
","
0
","
4
","



","
AEM2508
","
Mesleki İngilizce
","
Seçmeli
","
3
","
0
","
3
","



","
AEM2510
","
Ağaç Malzeme Koruma Teknikleri
","
Seçmeli
","
3
","
0
","
3
","



","
AEM2512
","
Sanat Tarihi
","
Seçmeli
","
3
","
0
","
3
","



","
ATB2802
","
Atatürk İlkeleri ve İnkılap Tarihi II
","
Zorunlu
","
2
","
0
","
2
","



","
YDB2812
","
İngilizce IV
","
Zorunlu Seçmeli
","
3
","
0
","
3
","



","
YDB2814
","
Almanca IV
","
Zorunlu Seçmeli
","
3
","
0
","
3
","



","
YDB2816
","
Fransızca IV
","
Zorunlu Seçmeli
","
3
","
0
","
3
","



",,,,,,,

"
AEM2002
","
Üretim Teknikleri II
","
Zorunlu
","
2
","
2
","
3
","



"
"
AEM2004
","
Tasarım Proje I
","
Zorunlu
","
3
","
0
","
3
","



"
"
AEM2006
","
Zorunlu Meslek Stajı
","
Zorunlu
","
0
","
0
","
8
","



"
"
AEM2502
","
Malzeme Mukavemeti
","
Seçmeli
","
3
","
0
","
4
","



"
"
AEM2504
","
Ağaç İşleri İşleme Makineleri II
","
Seçmeli
","
3
","
0
","
5
","



"
"
AEM2506
","
Yapıştırıcılar
","
Seçmeli
","
3
","
0
","
4
","



"
"
AEM2508
","
Mesleki İngilizce
","
Seçmeli
","
3
","
0
","
3
","



"
"
AEM2510
","
Ağaç Malzeme Koruma Teknikleri
","
Seçmeli
","
3
","
0
","
3
","



"
"
AEM2512
","
Sanat Tarihi
","
Seçmeli
","
3
","
0
","
3
","



"
"
ATB2802
","
Atatürk İlkeleri ve İnkılap Tarihi II
","
Zorunlu
","
2
","
0
","
2
","



"
"
YDB2812
","
İngilizce IV
","
Zorunlu Seçmeli
","
3
","
0
","
3
","



"
"
YDB2814
","
Almanca IV
","
Zorunlu Seçmeli
","
3
","
0
","
3
","



"
"
YDB2816
","
Fransızca IV
","
Zorunlu Seçmeli
","
3
","
0
","
3
","



"
,,,,,,
"

3. Yıl
                                        - 1. Dönem







Ders Kodu

Ders Adı

Ders Türü

Teori

Uygulama

AKTS

Yazdır



AEM3001

Ağaçişleri Endüstrisinde Yöneylem Araştırması

Zorunlu

3

0

4







AEM3003

Bilgisayar Destekli Üretim (CAM)

Zorunlu

3

0

4







AEM3005

Tasarı Proje II

Zorunlu

2

2

4







AEM3007

Üst Yüzey İşlemleri

Zorunlu

2

2

5







AEM3009

İş Etüdü

Zorunlu

3

0

4







AEM3501

Kumanda Tekniği

Seçmeli

3

0

4







AEM3503

Gereç Teknolojisi

Seçmeli

3

0

5







AEM3505

Kurutma ve Buharlama Teknikleri

Seçmeli

3

0

4







AEM3507

Ağaç Malzeme Zararlıları

Seçmeli

3

0

5










","
AEM3001
","
Ağaçişleri Endüstrisinde Yöneylem Araştırması
","
Zorunlu
","
3
","
0
","
4
","



","
AEM3003
","
Bilgisayar Destekli Üretim (CAM)
","
Zorunlu
","
3
","
0
","
4
","



","
AEM3005
","
Tasarı Proje II
","
Zorunlu
","
2
","
2
","
4
","



","
AEM3007
","
Üst Yüzey İşlemleri
","
Zorunlu
","
2
","
2
","
5
","



","
AEM3009
","
İş Etüdü
","
Zorunlu
","
3
","
0
","
4
","



","
AEM3501
","
Kumanda Tekniği
","
Seçmeli
","
3
","
0
","
4
","



","
AEM3503
","
Gereç Teknolojisi
","
Seçmeli
","
3
","
0
","
5
","



","
AEM3505
","
Kurutma ve Buharlama Teknikleri
","
Seçmeli
","
3
","
0
","
4
","



","
AEM3507
","
Ağaç Malzeme Zararlıları
","
Seçmeli
","
3
","
0
","
5
","



",,,,,,,

"
AEM3001
","
Ağaçişleri Endüstrisinde Yöneylem Araştırması
","
Zorunlu
","
3
","
0
","
4
","



"
"
AEM3003
","
Bilgisayar Destekli Üretim (CAM)
","
Zorunlu
","
3
","
0
","
4
","



"
"
AEM3005
","
Tasarı Proje II
","
Zorunlu
","
2
","
2
","
4
","



"
"
AEM3007
","
Üst Yüzey İşlemleri
","
Zorunlu
","
2
","
2
","
5
","



"
"
AEM3009
","
İş Etüdü
","
Zorunlu
","
3
","
0
","
4
","



"
"
AEM3501
","
Kumanda Tekniği
","
Seçmeli
","
3
","
0
","
4
","



"
"
AEM3503
","
Gereç Teknolojisi
","
Seçmeli
","
3
","
0
","
5
","



"
"
AEM3505
","
Kurutma ve Buharlama Teknikleri
","
Seçmeli
","
3
","
0
","
4
","



"
"
AEM3507
","
Ağaç Malzeme Zararlıları
","
Seçmeli
","
3
","
0
","
5
","



"
,,,,,,
"

3. Yıl
                                        - 2. Dönem







Ders Kodu

Ders Adı

Ders Türü

Teori

Uygulama

AKTS

Yazdır



AEM3002

İşyeri Eğitimi

Zorunlu

5

35

22







AEM3008

Zorunlu Meslek Stajı

Zorunlu

0

0

8










","
AEM3002
","
İşyeri Eğitimi
","
Zorunlu
","
5
","
35
","
22
","



","
AEM3008
","
Zorunlu Meslek Stajı
","
Zorunlu
","
0
","
0
","
8
","



",,,,,,,

"
AEM3002
","
İşyeri Eğitimi
","
Zorunlu
","
5
","
35
","
22
","



"
"
AEM3008
","
Zorunlu Meslek Stajı
","
Zorunlu
","
0
","
0
","
8
","



"
,,,,,,
"

4. Yıl
                                        - 1. Dönem







Ders Kodu

Ders Adı

Ders Türü

Teori

Uygulama

AKTS

Yazdır



AEM4001

Bitirme Çalışması I

Zorunlu

0

4

4







AEM4002

Bitirme Çalışması II

Zorunlu

0

4

4







AEM4003

Üretim Planlaması I

Zorunlu

3

0

5







AEM4005

Kalite Yönetimi

Zorunlu

3

0

5







AEM4501

Bileme ve Bakım Teknikleri

Seçmeli

2

2

5







AEM4503

Mobilyada Ergonomi

Seçmeli

3

0

3







AEM4505

Döşeme Teknolojisi

Seçmeli

3

0

4







AEM4507

Mobilya Stilleri

Seçmeli

3

0

3







AEM4509

Yeni Ürün Geliştirme

Seçmeli

2

2

5







AEM4511

Ahşap Ürünlerin Pazarlanması

Seçmeli

3

0

4







AEM4513

Bilimsel Araştırmada Raporlama Teknikleri

Seçmeli

3

0

3







AEM4515

İç Mimari Elemanları

Seçmeli

3

0

4










","
AEM4001
","
Bitirme Çalışması I
","
Zorunlu
","
0
","
4
","
4
","



","
AEM4002
","
Bitirme Çalışması II
","
Zorunlu
","
0
","
4
","
4
","



","
AEM4003
","
Üretim Planlaması I
","
Zorunlu
","
3
","
0
","
5
","



","
AEM4005
","
Kalite Yönetimi
","
Zorunlu
","
3
","
0
","
5
","



","
AEM4501
","
Bileme ve Bakım Teknikleri
","
Seçmeli
","
2
","
2
","
5
","



","
AEM4503
","
Mobilyada Ergonomi
","
Seçmeli
","
3
","
0
","
3
","



","
AEM4505
","
Döşeme Teknolojisi
","
Seçmeli
","
3
","
0
","
4
","



","
AEM4507
","
Mobilya Stilleri
","
Seçmeli
","
3
","
0
","
3
","



","
AEM4509
","
Yeni Ürün Geliştirme
","
Seçmeli
","
2
","
2
","
5
","



","
AEM4511
","
Ahşap Ürünlerin Pazarlanması
","
Seçmeli
","
3
","
0
","
4
","



","
AEM4513
","
Bilimsel Araştırmada Raporlama Teknikleri
","
Seçmeli
","
3
","
0
","
3
","



","
AEM4515
","
İç Mimari Elemanları
","
Seçmeli
","
3
","
0
","
4
","



",,,,,,,

"
AEM4001
","
Bitirme Çalışması I
","
Zorunlu
","
0
","
4
","
4
","



"
"
AEM4002
","
Bitirme Çalışması II
","
Zorunlu
","
0
","
4
","
4
","



"
"
AEM4003
","
Üretim Planlaması I
","
Zorunlu
","
3
","
0
","
5
","



"
"
AEM4005
","
Kalite Yönetimi
","
Zorunlu
","
3
","
0
","
5
","



"
"
AEM4501
","
Bileme ve Bakım Teknikleri
","
Seçmeli
","
2
","
2
","
5
","



"
"
AEM4503
","
Mobilyada Ergonomi
","
Seçmeli
","
3
","
0
","
3
","



"
"
AEM4505
","
Döşeme Teknolojisi
","
Seçmeli
","
3
","
0
","
4
","



"
"
AEM4507
","
Mobilya Stilleri
","
Seçmeli
","
3
","
0
","
3
","



"
"
AEM4509
","
Yeni Ürün Geliştirme
","
Seçmeli
","
2
","
2
","
5
","



"
"
AEM4511
","
Ahşap Ürünlerin Pazarlanması
","
Seçmeli
","
3
","
0
","
4
","



"
"
AEM4513
","
Bilimsel Araştırmada Raporlama Teknikleri
","
Seçmeli
","
3
","
0
","
3
","



"
"
AEM4515
","
İç Mimari Elemanları
","
Seçmeli
","
3
","
0
","
4
","



"
,,,,,,
"

4. Yıl
                                        - 2. Dönem







Ders Kodu

Ders Adı

Ders Türü

Teori

Uygulama

AKTS

Yazdır



AEM 4001

Bitirme Çalışması I

Zorunlu

0

4

4







AEM 4002

Bitirme Çalışması II

Zorunlu

0

4

4







AEM4004

Üretim Planlaması II

Zorunlu

3

0

5







AEM4006

Maliyet Analizi

Zorunlu

3

0

4







AEM4008

Üretim Sistemleri

Zorunlu

3

0

5







AEM4502

Meslek Etiği

Seçmeli

3

0

3







AEM4504

Mobilyada Performans Testleri

Seçmeli

3

0

5







AEM4506

Ahşap Yapılarda Restorasyon

Seçmeli

3

0

4







AEM4508

Yüzey Süsleme Teknikleri

Seçmeli

2

2

4







AEM4510

Teknik İletişim

Seçmeli

3

0

3







AEM4514

Ağaçişleri Endüstrisinde Girişimcilik

Seçmeli

3

1

3










","
AEM 4001
","
Bitirme Çalışması I
","
Zorunlu
","
0
","
4
","
4
","



","
AEM 4002
","
Bitirme Çalışması II
","
Zorunlu
","
0
","
4
","
4
","



","
AEM4004
","
Üretim Planlaması II
","
Zorunlu
","
3
","
0
","
5
","



","
AEM4006
","
Maliyet Analizi
","
Zorunlu
","
3
","
0
","
4
","



","
AEM4008
","
Üretim Sistemleri
","
Zorunlu
","
3
","
0
","
5
","



","
AEM4502
","
Meslek Etiği
","
Seçmeli
","
3
","
0
","
3
","



","
AEM4504
","
Mobilyada Performans Testleri
","
Seçmeli
","
3
","
0
","
5
","



","
AEM4506
","
Ahşap Yapılarda Restorasyon
","
Seçmeli
","
3
","
0
","
4
","



","
AEM4508
","
Yüzey Süsleme Teknikleri
","
Seçmeli
","
2
","
2
","
4
","



","
AEM4510
","
Teknik İletişim
","
Seçmeli
","
3
","
0
","
3
","



","
AEM4514
","
Ağaçişleri Endüstrisinde Girişimcilik
","
Seçmeli
","
3
","
1
","
3
","



",,,,,,,

"
AEM 4001
","
Bitirme Çalışması I
","
Zorunlu
","
0
","
4
","
4
","



"
"
AEM 4002
","
Bitirme Çalışması II
","
Zorunlu
","
0
","
4
","
4
","



"
"
AEM4004
","
Üretim Planlaması II
","
Zorunlu
","
3
","
0
","
5
","



"
"
AEM4006
","
Maliyet Analizi
","
Zorunlu
","
3
","
0
","
4
","



"
"
AEM4008
","
Üretim Sistemleri
","
Zorunlu
","
3
","
0
","
5
","



"
"
AEM4502
","
Meslek Etiği
","
Seçmeli
","
3
","
0
","
3
","



"
"
AEM4504
","
Mobilyada Performans Testleri
","
Seçmeli
","
3
","
0
","
5
","



"
"
AEM4506
","
Ahşap Yapılarda Restorasyon
","
Seçmeli
","
3
","
0
","
4
","



"
"
AEM4508
","
Yüzey Süsleme Teknikleri
","
Seçmeli
","
2
","
2
","
4
","



"
"
AEM4510
","
Teknik İletişim
","
Seçmeli
","
3
","
0
","
3
","



"
"
AEM4514
","
Ağaçişleri Endüstrisinde Girişimcilik
","
Seçmeli
","
3
","
1
","
3
","



"
,,,,,,
""

"
AEM1003
","
Ağaç Malzeme Teknolojisi I
","
Zorunlu
","
3
","
0
","
4
","



"
"
ENF1805
","
Temel Bilgi Teknolojisi Kullanımı
","
Zorunlu
","
3
","
0
","
3
","



"
"
FİZ1801
","
Genel Fizik I
","
Zorunlu
","
2
","
2
","
4
","



"
"
KİM1801
","
Genel Kimya
","
Zorunlu
","
2
","
2
","
4
","



"
"
MAT1801
","
Genel Matematik I
","
Zorunlu
","
3
","
1
","
4
","



"
"
TDB1801
","
Türk Dili I
","
Zorunlu
","
2
","
0
","
2
","



"
"
YDB1811
","
İngilizce I
","
Zorunlu Seçmeli
","
3
","
0
","
3
","



"
"
YDB1813
","
Almanca I
","
Zorunlu Seçmeli
","
3
","
0
","
3
","



"
"
YDB1815
","
Fransızca I
","
Zorunlu Seçmeli
","
3
","
0
","
3
","



"
"
İKT1803
","
İktisada Giriş
","
Zorunlu
","
3
","
0
","
4
","



"
"
İSG1801
","
İş Sağlığı ve Güvenliği I
","
Zorunlu
","
2
","
0
","
2
","



"
,,,,,,

"
AEM1004
","
Ahşap Yapılar ve Konstrüksiyonlar
","
Zorunlu
","
3
","
0
","
4
","



"
"
AEM1006
","
Teknik Çizim ve Tasarı Geometri
","
Zorunlu
","
2
","
2
","
4
","



"
"
AEM1008
","
Ağaç Malzeme Teknolojisi II
","
Zorunlu
","
3
","
0
","
4
","



"
"
ENF1910
","
Web Sayfası Tasarımı
","
Seçmeli
","
3
","
0
","
3
","



"
"
ENF1960
","
Bilgisayar Destekli Tasarım
","
Seçmeli
","
3
","
0
","
3
","



"
"
ENF1980
","
Programlama Dilleri
","
Seçmeli
","
3
","
0
","
3
","



"
"
FİZ1802
","
Genel Fizik II
","
Zorunlu
","
2
","
2
","
4
","



"
"
MAT1802
","
Genel Matematik II
","
Zorunlu
","
3
","
1
","
4
","



"
"
TDB1802
","
Türk Dili II
","
Zorunlu
","
2
","
0
","
2
","



"
"
YDB1812
","
İngilizce II
","
Zorunlu Seçmeli
","
3
","
0
","
3
","



"
"
YDB1814
","
Almanca II
","
Zorunlu Seçmeli
","
3
","
0
","
3
","



"
"
YDB1816
","
Fransızca II
","
Zorunlu Seçmeli
","
3
","
0
","
3
","



"
"
İSG1802
","
İş Sağlığı ve Güvenliği II
","
Zorunlu
","
2
","
0
","
2
","



"
,,,,,,

"
AEM2001
","
Üretim Teknikleri I
","
Zorunlu
","
2
","
2
","
3
","



"
"
AEM2003
","
Malzeme Mekaniği
","
Zorunlu
","
3
","
0
","
5
","



"
"
AEM2007
","
Bilgisayar Destekli Ürün Tasarımı
","
Zorunlu
","
2
","
2
","
5
","



"
"
AEM2501
","
Ağaçişleri İşleme Makineleri I
","
Seçmeli
","
3
","
0
","
5
","



"
"
AEM2503
","
Güvenli Çalışma İlkeleri
","
Seçmeli
","
3
","
0
","
2
","



"
"
AEM2505
","
Teknik İngilizce
","
Seçmeli
","
3
","
0
","
2
","



"
"
AEM2507
","
Kara Kalem
","
Seçmeli
","
3
","
0
","
2
","



"
"
AEM2509
","
Temel Tasarım
","
Seçmeli
","
3
","
0
","
5
","



"
"
ATB2801
","
Atatürk İlkeleri ve İnkılap Tarihi I
","
Zorunlu
","
2
","
0
","
2
","



"
"
IST2801
","
Mühendislikte İstatistik
","
Zorunlu
","
2
","
0
","
3
","



"
"
YDB2811
","
İngilizce III
","
Zorunlu Seçmeli
","
3
","
0
","
3
","



"
"
YDB2813
","
Almanca III
","
Zorunlu Seçmeli
","
3
","
0
","
3
","



"
"
YDB2815
","
Fransızca III
","
Zorunlu Seçmeli
","
3
","
0
","
3
","



"
,,,,,,

"
AEM2002
","
Üretim Teknikleri II
","
Zorunlu
","
2
","
2
","
3
","



"
"
AEM2004
","
Tasarım Proje I
","
Zorunlu
","
3
","
0
","
3
","



"
"
AEM2006
","
Zorunlu Meslek Stajı
","
Zorunlu
","
0
","
0
","
8
","



"
"
AEM2502
","
Malzeme Mukavemeti
","
Seçmeli
","
3
","
0
","
4
","



"
"
AEM2504
","
Ağaç İşleri İşleme Makineleri II
","
Seçmeli
","
3
","
0
","
5
","



"
"
AEM2506
","
Yapıştırıcılar
","
Seçmeli
","
3
","
0
","
4
","



"
"
AEM2508
","
Mesleki İngilizce
","
Seçmeli
","
3
","
0
","
3
","



"
"
AEM2510
","
Ağaç Malzeme Koruma Teknikleri
","
Seçmeli
","
3
","
0
","
3
","



"
"
AEM2512
","
Sanat Tarihi
","
Seçmeli
","
3
","
0
","
3
","



"
"
ATB2802
","
Atatürk İlkeleri ve İnkılap Tarihi II
","
Zorunlu
","
2
","
0
","
2
","



"
"
YDB2812
","
İngilizce IV
","
Zorunlu Seçmeli
","
3
","
0
","
3
","



"
"
YDB2814
","
Almanca IV
","
Zorunlu Seçmeli
","
3
","
0
","
3
","



"
"
YDB2816
","
Fransızca IV
","
Zorunlu Seçmeli
","
3
","
0
","
3
","



"
,,,,,,

"
AEM3001
","
Ağaçişleri Endüstrisinde Yöneylem Araştırması
","
Zorunlu
","
3
","
0
","
4
","



"
"
AEM3003
","
Bilgisayar Destekli Üretim (CAM)
","
Zorunlu
","
3
","
0
","
4
","



"
"
AEM3005
","
Tasarı Proje II
","
Zorunlu
","
2
","
2
","
4
","



"
"
AEM3007
","
Üst Yüzey İşlemleri
","
Zorunlu
","
2
","
2
","
5
","



"
"
AEM3009
","
İş Etüdü
","
Zorunlu
","
3
","
0
","
4
","



"
"
AEM3501
","
Kumanda Tekniği
","
Seçmeli
","
3
","
0
","
4
","



"
"
AEM3503
","
Gereç Teknolojisi
","
Seçmeli
","
3
","
0
","
5
","



"
"
AEM3505
","
Kurutma ve Buharlama Teknikleri
","
Seçmeli
","
3
","
0
","
4
","



"
"
AEM3507
","
Ağaç Malzeme Zararlıları
","
Seçmeli
","
3
","
0
","
5
","



"
,,,,,,

"
AEM3002
","
İşyeri Eğitimi
","
Zorunlu
","
5
","
35
","
22
","



"
"
AEM3008
","
Zorunlu Meslek Stajı
","
Zorunlu
","
0
","
0
","
8
","



"
,,,,,,

"
AEM4001
","
Bitirme Çalışması I
","
Zorunlu
","
0
","
4
","
4
","



"
"
AEM4002
","
Bitirme Çalışması II
","
Zorunlu
","
0
","
4
","
4
","



"
"
AEM4003
","
Üretim Planlaması I
","
Zorunlu
","
3
","
0
","
5
","



"
"
AEM4005
","
Kalite Yönetimi
","
Zorunlu
","
3
","
0
","
5
","



"
"
AEM4501
","
Bileme ve Bakım Teknikleri
","
Seçmeli
","
2
","
2
","
5
","



"
"
AEM4503
","
Mobilyada Ergonomi
","
Seçmeli
","
3
","
0
","
3
","



"
"
AEM4505
","
Döşeme Teknolojisi
","
Seçmeli
","
3
","
0
","
4
","



"
"
AEM4507
","
Mobilya Stilleri
","
Seçmeli
","
3
","
0
","
3
","



"
"
AEM4509
","
Yeni Ürün Geliştirme
","
Seçmeli
","
2
","
2
","
5
","



"
"
AEM4511
","
Ahşap Ürünlerin Pazarlanması
","
Seçmeli
","
3
","
0
","
4
","



"
"
AEM4513
","
Bilimsel Araştırmada Raporlama Teknikleri
","
Seçmeli
","
3
","
0
","
3
","



"
"
AEM4515
","
İç Mimari Elemanları
","
Seçmeli
","
3
","
0
","
4
","



"
,,,,,,

"
AEM 4001
","
Bitirme Çalışması I
","
Zorunlu
","
0
","
4
","
4
","



"
"
AEM 4002
","
Bitirme Çalışması II
","
Zorunlu
","
0
","
4
","
4
","



"
"
AEM4004
","
Üretim Planlaması II
","
Zorunlu
","
3
","
0
","
5
","



"
"
AEM4006
","
Maliyet Analizi
","
Zorunlu
","
3
","
0
","
4
","



"
"
AEM4008
","
Üretim Sistemleri
","
Zorunlu
","
3
","
0
","
5
","



"
"
AEM4502
","
Meslek Etiği
","
Seçmeli
","
3
","
0
","
3
","



"
"
AEM4504
","
Mobilyada Performans Testleri
","
Seçmeli
","
3
","
0
","
5
","



"
"
AEM4506
","
Ahşap Yapılarda Restorasyon
","
Seçmeli
","
3
","
0
","
4
","



"
"
AEM4508
","
Yüzey Süsleme Teknikleri
","
Seçmeli
","
2
","
2
","
4
","



"
"
AEM4510
","
Teknik İletişim
","
Seçmeli
","
3
","
0
","
3
","



"
"
AEM4514
","
Ağaçişleri Endüstrisinde Girişimcilik
","
Seçmeli
","
3
","
1
","
3
","



"
,,,,,,
"

1. Yıl
                                        - 1. Dönem






Ders AdıPy1Py2Py3Py4Py5Py6Py7Py8Py9Py10Py11Py12Py13Py14Py15Py16

Ağaç Malzeme Teknolojisi I3422542454553232

Temel Bilgi Teknolojisi Kullanımı4545455544444444

Genel Fizik I2243545322544344

Genel Kimya2334533454232244

Genel Matematik I5343440435434232

Türk Dili I3323423445525224

İngilizce I3323224345544523

Almanca I4555454544444444

Fransızca I4454545454455445

İktisada Giriş3335445322434242

İş Sağlığı ve Güvenliği I5445535332342133





",Ağaç Malzeme Teknolojisi I,3,4,2,2,5,4,2,4,5,4,5,5,3,2,3,2,Temel Bilgi Teknolojisi Kullanımı,4,5,4,5,4,5,5,5,4,4,4,4,4,4,4,4,Genel Fizik I,2,2,4,3,5,4,5,3,2,2,5,4,4,3,4,4,Genel Kimya,2,3,3,4,5,3,3,4,5,4,2,3,2,2,4,4,Genel Matematik I,5,3,4,3,4,4,0,4,3,5,4,3,4,2,3,2,Türk Dili I,3,3,2,3,4,2,3,4,4,5,5,2,5,2,2,4,İngilizce I,3,3,2,3,2,2,4,3,4,5,5,4,4,5,2,3,Almanca I,4,5,5,5,4,5,4,5,4,4,4,4,4,4,4,4,Fransızca I,4,4,5,4,5,4,5,4,5,4,4,5,5,4,4,5,İktisada Giriş,3,3,3,5,4,4,5,3,2,2,4,3,4,2,4,2,İş Sağlığı ve Güvenliği I,5,4,4,5,5,3,5,3,3,2,3,4,2,1,3,3,,,,,,,,,,,,,,,,,

Ağaç Malzeme Teknolojisi I,3,4,2,2,5,4,2,4,5,4,5,5,3,2,3,2
Temel Bilgi Teknolojisi Kullanımı,4,5,4,5,4,5,5,5,4,4,4,4,4,4,4,4
Genel Fizik I,2,2,4,3,5,4,5,3,2,2,5,4,4,3,4,4
Genel Kimya,2,3,3,4,5,3,3,4,5,4,2,3,2,2,4,4
Genel Matematik I,5,3,4,3,4,4,0,4,3,5,4,3,4,2,3,2
Türk Dili I,3,3,2,3,4,2,3,4,4,5,5,2,5,2,2,4
İngilizce I,3,3,2,3,2,2,4,3,4,5,5,4,4,5,2,3
Almanca I,4,5,5,5,4,5,4,5,4,4,4,4,4,4,4,4
Fransızca I,4,4,5,4,5,4,5,4,5,4,4,5,5,4,4,5
İktisada Giriş,3,3,3,5,4,4,5,3,2,2,4,3,4,2,4,2
İş Sağlığı ve Güvenliği I,5,4,4,5,5,3,5,3,3,2,3,4,2,1,3,3
,,,,,,,,,,,,,,,,
"

1. Yıl
                                        - 2. Dönem






Ders AdıPy1Py2Py3Py4Py5Py6Py7Py8Py9Py10Py11Py12Py13Py14Py15Py16

Ahşap Yapılar ve Konstrüksiyonlar5334345345222344

Teknik Çizim ve Tasarı Geometri4324233334322445

Ağaç Malzeme Teknolojisi II2232233444545323

Web Sayfası Tasarımı3333344444443333

Bilgisayar Destekli Tasarım3434343434343434

Programlama Dilleri3434333444443334

Genel Fizik II3323244233444552

Genel Matematik II2323232344345445

Türk Dili II3333333334423544

İngilizce II3333232443445532

Almanca II3333333343343520

Fransızca II3333333333344522

İş Sağlığı ve Güvenliği II5445535332342133





",Ahşap Yapılar ve Konstrüksiyonlar,5,3,3,4,3,4,5,3,4,5,2,2,2,3,4,4,Teknik Çizim ve Tasarı Geometri,4,3,2,4,2,3,3,3,3,4,3,2,2,4,4,5,Ağaç Malzeme Teknolojisi II,2,2,3,2,2,3,3,4,4,4,5,4,5,3,2,3,Web Sayfası Tasarımı,3,3,3,3,3,4,4,4,4,4,4,4,3,3,3,3,Bilgisayar Destekli Tasarım,3,4,3,4,3,4,3,4,3,4,3,4,3,4,3,4,Programlama Dilleri,3,4,3,4,3,3,3,4,4,4,4,4,3,3,3,4,Genel Fizik II,3,3,2,3,2,4,4,2,3,3,4,4,4,5,5,2,Genel Matematik II,2,3,2,3,2,3,2,3,4,4,3,4,5,4,4,5,Türk Dili II,3,3,3,3,3,3,3,3,3,4,4,2,3,5,4,4,İngilizce II,3,3,3,3,2,3,2,4,4,3,4,4,5,5,3,2,Almanca II,3,3,3,3,3,3,3,3,4,3,3,4,3,5,2,0,Fransızca II,3,3,3,3,3,3,3,3,3,3,3,4,4,5,2,2,İş Sağlığı ve Güvenliği II,5,4,4,5,5,3,5,3,3,2,3,4,2,1,3,3,,,,,,,,,,,,,,,,,

Ahşap Yapılar ve Konstrüksiyonlar,5,3,3,4,3,4,5,3,4,5,2,2,2,3,4,4
Teknik Çizim ve Tasarı Geometri,4,3,2,4,2,3,3,3,3,4,3,2,2,4,4,5
Ağaç Malzeme Teknolojisi II,2,2,3,2,2,3,3,4,4,4,5,4,5,3,2,3
Web Sayfası Tasarımı,3,3,3,3,3,4,4,4,4,4,4,4,3,3,3,3
Bilgisayar Destekli Tasarım,3,4,3,4,3,4,3,4,3,4,3,4,3,4,3,4
Programlama Dilleri,3,4,3,4,3,3,3,4,4,4,4,4,3,3,3,4
Genel Fizik II,3,3,2,3,2,4,4,2,3,3,4,4,4,5,5,2
Genel Matematik II,2,3,2,3,2,3,2,3,4,4,3,4,5,4,4,5
Türk Dili II,3,3,3,3,3,3,3,3,3,4,4,2,3,5,4,4
İngilizce II,3,3,3,3,2,3,2,4,4,3,4,4,5,5,3,2
Almanca II,3,3,3,3,3,3,3,3,4,3,3,4,3,5,2,0
Fransızca II,3,3,3,3,3,3,3,3,3,3,3,4,4,5,2,2
İş Sağlığı ve Güvenliği II,5,4,4,5,5,3,5,3,3,2,3,4,2,1,3,3
,,,,,,,,,,,,,,,,
"

2. Yıl
                                        - 1. Dönem






Ders AdıPy1Py2Py3Py4Py5Py6Py7Py8Py9Py10Py11Py12Py13Py14Py15Py16

Üretim Teknikleri I5542343445234544

Malzeme Mekaniği4335354434434444

Bilgisayar Destekli Ürün Tasarımı4444433333334444

Ağaçişleri İşleme Makineleri I4545435545544332

Güvenli Çalışma İlkeleri4343345544333433

Teknik İngilizce4533334533444433

Kara Kalem4533353445453343

Temel Tasarım4354243355422244

Atatürk İlkeleri ve İnkılap Tarihi I2222352224434224

Mühendislikte İstatistik2443443343442333

İngilizce III2232234233244544

Almanca III3223224233424545

Fransızca III2322242332424544





",Üretim Teknikleri I,5,5,4,2,3,4,3,4,4,5,2,3,4,5,4,4,Malzeme Mekaniği,4,3,3,5,3,5,4,4,3,4,4,3,4,4,4,4,Bilgisayar Destekli Ürün Tasarımı,4,4,4,4,4,3,3,3,3,3,3,3,4,4,4,4,Ağaçişleri İşleme Makineleri I,4,5,4,5,4,3,5,5,4,5,5,4,4,3,3,2,Güvenli Çalışma İlkeleri,4,3,4,3,3,4,5,5,4,4,3,3,3,4,3,3,Teknik İngilizce,4,5,3,3,3,3,4,5,3,3,4,4,4,4,3,3,Kara Kalem,4,5,3,3,3,5,3,4,4,5,4,5,3,3,4,3,Temel Tasarım,4,3,5,4,2,4,3,3,5,5,4,2,2,2,4,4,Atatürk İlkeleri ve İnkılap Tarihi I,2,2,2,2,3,5,2,2,2,4,4,3,4,2,2,4,Mühendislikte İstatistik,2,4,4,3,4,4,3,3,4,3,4,4,2,3,3,3,İngilizce III,2,2,3,2,2,3,4,2,3,3,2,4,4,5,4,4,Almanca III,3,2,2,3,2,2,4,2,3,3,4,2,4,5,4,5,Fransızca III,2,3,2,2,2,4,2,3,3,2,4,2,4,5,4,4,,,,,,,,,,,,,,,,,

Üretim Teknikleri I,5,5,4,2,3,4,3,4,4,5,2,3,4,5,4,4
Malzeme Mekaniği,4,3,3,5,3,5,4,4,3,4,4,3,4,4,4,4
Bilgisayar Destekli Ürün Tasarımı,4,4,4,4,4,3,3,3,3,3,3,3,4,4,4,4
Ağaçişleri İşleme Makineleri I,4,5,4,5,4,3,5,5,4,5,5,4,4,3,3,2
Güvenli Çalışma İlkeleri,4,3,4,3,3,4,5,5,4,4,3,3,3,4,3,3
Teknik İngilizce,4,5,3,3,3,3,4,5,3,3,4,4,4,4,3,3
Kara Kalem,4,5,3,3,3,5,3,4,4,5,4,5,3,3,4,3
Temel Tasarım,4,3,5,4,2,4,3,3,5,5,4,2,2,2,4,4
Atatürk İlkeleri ve İnkılap Tarihi I,2,2,2,2,3,5,2,2,2,4,4,3,4,2,2,4
Mühendislikte İstatistik,2,4,4,3,4,4,3,3,4,3,4,4,2,3,3,3
İngilizce III,2,2,3,2,2,3,4,2,3,3,2,4,4,5,4,4
Almanca III,3,2,2,3,2,2,4,2,3,3,4,2,4,5,4,5
Fransızca III,2,3,2,2,2,4,2,3,3,2,4,2,4,5,4,4
,,,,,,,,,,,,,,,,
"

2. Yıl
                                        - 2. Dönem






Ders AdıPy1Py2Py3Py4Py5Py6Py7Py8Py9Py10Py11Py12Py13Py14Py15Py16

Üretim Teknikleri II4535443344322324

Tasarım Proje I3334334532524322

Zorunlu Meslek Stajı5545405445443443

Malzeme Mukavemeti3334334553255234

Ağaç İşleri İşleme Makineleri II5545342433254423

Yapıştırıcılar3343353422342542

Mesleki İngilizce4553343334223422

Ağaç Malzeme Koruma Teknikleri5553544345323222

Sanat Tarihi3221232233322443

Atatürk İlkeleri ve İnkılap Tarihi II2222352224433212

İngilizce IV2221223322324544

Almanca IV2223242434324544

Fransızca IV2232122331234544





",Üretim Teknikleri II,4,5,3,5,4,4,3,3,4,4,3,2,2,3,2,4,Tasarım Proje I,3,3,3,4,3,3,4,5,3,2,5,2,4,3,2,2,Zorunlu Meslek Stajı,5,5,4,5,4,0,5,4,4,5,4,4,3,4,4,3,Malzeme Mukavemeti,3,3,3,4,3,3,4,5,5,3,2,5,5,2,3,4,Ağaç İşleri İşleme Makineleri II,5,5,4,5,3,4,2,4,3,3,2,5,4,4,2,3,Yapıştırıcılar,3,3,4,3,3,5,3,4,2,2,3,4,2,5,4,2,Mesleki İngilizce,4,5,5,3,3,4,3,3,3,4,2,2,3,4,2,2,Ağaç Malzeme Koruma Teknikleri,5,5,5,3,5,4,4,3,4,5,3,2,3,2,2,2,Sanat Tarihi,3,2,2,1,2,3,2,2,3,3,3,2,2,4,4,3,Atatürk İlkeleri ve İnkılap Tarihi II,2,2,2,2,3,5,2,2,2,4,4,3,3,2,1,2,İngilizce IV,2,2,2,1,2,2,3,3,2,2,3,2,4,5,4,4,Almanca IV,2,2,2,3,2,4,2,4,3,4,3,2,4,5,4,4,Fransızca IV,2,2,3,2,1,2,2,3,3,1,2,3,4,5,4,4,,,,,,,,,,,,,,,,,

Üretim Teknikleri II,4,5,3,5,4,4,3,3,4,4,3,2,2,3,2,4
Tasarım Proje I,3,3,3,4,3,3,4,5,3,2,5,2,4,3,2,2
Zorunlu Meslek Stajı,5,5,4,5,4,0,5,4,4,5,4,4,3,4,4,3
Malzeme Mukavemeti,3,3,3,4,3,3,4,5,5,3,2,5,5,2,3,4
Ağaç İşleri İşleme Makineleri II,5,5,4,5,3,4,2,4,3,3,2,5,4,4,2,3
Yapıştırıcılar,3,3,4,3,3,5,3,4,2,2,3,4,2,5,4,2
Mesleki İngilizce,4,5,5,3,3,4,3,3,3,4,2,2,3,4,2,2
Ağaç Malzeme Koruma Teknikleri,5,5,5,3,5,4,4,3,4,5,3,2,3,2,2,2
Sanat Tarihi,3,2,2,1,2,3,2,2,3,3,3,2,2,4,4,3
Atatürk İlkeleri ve İnkılap Tarihi II,2,2,2,2,3,5,2,2,2,4,4,3,3,2,1,2
İngilizce IV,2,2,2,1,2,2,3,3,2,2,3,2,4,5,4,4
Almanca IV,2,2,2,3,2,4,2,4,3,4,3,2,4,5,4,4
Fransızca IV,2,2,3,2,1,2,2,3,3,1,2,3,4,5,4,4
,,,,,,,,,,,,,,,,
"

3. Yıl
                                        - 1. Dönem






Ders AdıPy1Py2Py3Py4Py5Py6Py7Py8Py9Py10Py11Py12Py13Py14Py15Py16

Ağaçişleri Endüstrisinde Yöneylem Araştırması2345433243232244

Bilgisayar Destekli Üretim (CAM)4554543322342234

Tasarı Proje II3453252232542343

Üst Yüzey İşlemleri5554342232433244

İş Etüdü5454443534223232

Kumanda Tekniği5455332234432232

Gereç Teknolojisi5453432224332302

Kurutma ve Buharlama Teknikleri5423453223243352

Ağaç Malzeme Zararlıları5453542234522234





",Ağaçişleri Endüstrisinde Yöneylem Araştırması,2,3,4,5,4,3,3,2,4,3,2,3,2,2,4,4,Bilgisayar Destekli Üretim (CAM),4,5,5,4,5,4,3,3,2,2,3,4,2,2,3,4,Tasarı Proje II,3,4,5,3,2,5,2,2,3,2,5,4,2,3,4,3,Üst Yüzey İşlemleri,5,5,5,4,3,4,2,2,3,2,4,3,3,2,4,4,İş Etüdü,5,4,5,4,4,4,3,5,3,4,2,2,3,2,3,2,Kumanda Tekniği,5,4,5,5,3,3,2,2,3,4,4,3,2,2,3,2,Gereç Teknolojisi,5,4,5,3,4,3,2,2,2,4,3,3,2,3,0,2,Kurutma ve Buharlama Teknikleri,5,4,2,3,4,5,3,2,2,3,2,4,3,3,5,2,Ağaç Malzeme Zararlıları,5,4,5,3,5,4,2,2,3,4,5,2,2,2,3,4,,,,,,,,,,,,,,,,,

Ağaçişleri Endüstrisinde Yöneylem Araştırması,2,3,4,5,4,3,3,2,4,3,2,3,2,2,4,4
Bilgisayar Destekli Üretim (CAM),4,5,5,4,5,4,3,3,2,2,3,4,2,2,3,4
Tasarı Proje II,3,4,5,3,2,5,2,2,3,2,5,4,2,3,4,3
Üst Yüzey İşlemleri,5,5,5,4,3,4,2,2,3,2,4,3,3,2,4,4
İş Etüdü,5,4,5,4,4,4,3,5,3,4,2,2,3,2,3,2
Kumanda Tekniği,5,4,5,5,3,3,2,2,3,4,4,3,2,2,3,2
Gereç Teknolojisi,5,4,5,3,4,3,2,2,2,4,3,3,2,3,0,2
Kurutma ve Buharlama Teknikleri,5,4,2,3,4,5,3,2,2,3,2,4,3,3,5,2
Ağaç Malzeme Zararlıları,5,4,5,3,5,4,2,2,3,4,5,2,2,2,3,4
,,,,,,,,,,,,,,,,
"

3. Yıl
                                        - 2. Dönem






Ders AdıPy1Py2Py3Py4Py5Py6Py7Py8Py9Py10Py11Py12Py13Py14Py15Py16

İşyeri Eğitimi5354342245542233

Zorunlu Meslek Stajı4355545543342453





",İşyeri Eğitimi,5,3,5,4,3,4,2,2,4,5,5,4,2,2,3,3,Zorunlu Meslek Stajı,4,3,5,5,5,4,5,5,4,3,3,4,2,4,5,3,,,,,,,,,,,,,,,,,

İşyeri Eğitimi,5,3,5,4,3,4,2,2,4,5,5,4,2,2,3,3
Zorunlu Meslek Stajı,4,3,5,5,5,4,5,5,4,3,3,4,2,4,5,3
,,,,,,,,,,,,,,,,
"

4. Yıl
                                        - 1. Dönem






Ders AdıPy1Py2Py3Py4Py5Py6Py7Py8Py9Py10Py11Py12Py13Py14Py15Py16

Bitirme Çalışması I3232232323555454

Bitirme Çalışması II2322322322545545

Üretim Planlaması I5443234454232244

Kalite Yönetimi4242442223553245

Bileme ve Bakım Teknikleri5243455222342252

Mobilyada Ergonomi5452343222432254

Döşeme Teknolojisi4454334222342245

Mobilya Stilleri4542342232455232

Yeni Ürün Geliştirme4455442232342324

Ahşap Ürünlerin Pazarlanması4345543453543323

Bilimsel Araştırmada Raporlama Teknikleri2222323325455433

İç Mimari Elemanları5453553224432344





",Bitirme Çalışması I,3,2,3,2,2,3,2,3,2,3,5,5,5,4,5,4,Bitirme Çalışması II,2,3,2,2,3,2,2,3,2,2,5,4,5,5,4,5,Üretim Planlaması I,5,4,4,3,2,3,4,4,5,4,2,3,2,2,4,4,Kalite Yönetimi,4,2,4,2,4,4,2,2,2,3,5,5,3,2,4,5,Bileme ve Bakım Teknikleri,5,2,4,3,4,5,5,2,2,2,3,4,2,2,5,2,Mobilyada Ergonomi,5,4,5,2,3,4,3,2,2,2,4,3,2,2,5,4,Döşeme Teknolojisi,4,4,5,4,3,3,4,2,2,2,3,4,2,2,4,5,Mobilya Stilleri,4,5,4,2,3,4,2,2,3,2,4,5,5,2,3,2,Yeni Ürün Geliştirme,4,4,5,5,4,4,2,2,3,2,3,4,2,3,2,4,Ahşap Ürünlerin Pazarlanması,4,3,4,5,5,4,3,4,5,3,5,4,3,3,2,3,Bilimsel Araştırmada Raporlama Teknikleri,2,2,2,2,3,2,3,3,2,5,4,5,5,4,3,3,İç Mimari Elemanları,5,4,5,3,5,5,3,2,2,4,4,3,2,3,4,4,,,,,,,,,,,,,,,,,

Bitirme Çalışması I,3,2,3,2,2,3,2,3,2,3,5,5,5,4,5,4
Bitirme Çalışması II,2,3,2,2,3,2,2,3,2,2,5,4,5,5,4,5
Üretim Planlaması I,5,4,4,3,2,3,4,4,5,4,2,3,2,2,4,4
Kalite Yönetimi,4,2,4,2,4,4,2,2,2,3,5,5,3,2,4,5
Bileme ve Bakım Teknikleri,5,2,4,3,4,5,5,2,2,2,3,4,2,2,5,2
Mobilyada Ergonomi,5,4,5,2,3,4,3,2,2,2,4,3,2,2,5,4
Döşeme Teknolojisi,4,4,5,4,3,3,4,2,2,2,3,4,2,2,4,5
Mobilya Stilleri,4,5,4,2,3,4,2,2,3,2,4,5,5,2,3,2
Yeni Ürün Geliştirme,4,4,5,5,4,4,2,2,3,2,3,4,2,3,2,4
Ahşap Ürünlerin Pazarlanması,4,3,4,5,5,4,3,4,5,3,5,4,3,3,2,3
Bilimsel Araştırmada Raporlama Teknikleri,2,2,2,2,3,2,3,3,2,5,4,5,5,4,3,3
İç Mimari Elemanları,5,4,5,3,5,5,3,2,2,4,4,3,2,3,4,4
,,,,,,,,,,,,,,,,
"

4. Yıl
                                        - 2. Dönem






Ders AdıPy1Py2Py3Py4Py5Py6Py7Py8Py9Py10Py11Py12Py13Py14Py15Py16

Bitirme Çalışması I4545454544444444

Bitirme Çalışması II4504444444444445

Üretim Planlaması II2232232554544253

Maliyet Analizi5332453223242354

Üretim Sistemleri4554354523324433

Meslek Etiği3223432232554543

Mobilyada Performans Testleri5442342113454354

Ahşap Yapılarda Restorasyon4332452223552342

Yüzey Süsleme Teknikleri5445334533243322

Teknik İletişim2242322321455555

Ağaçişleri Endüstrisinde Girişimcilik2232242455343242





",Bitirme Çalışması I,4,5,4,5,4,5,4,5,4,4,4,4,4,4,4,4,Bitirme Çalışması II,4,5,0,4,4,4,4,4,4,4,4,4,4,4,4,5,Üretim Planlaması II,2,2,3,2,2,3,2,5,5,4,5,4,4,2,5,3,Maliyet Analizi,5,3,3,2,4,5,3,2,2,3,2,4,2,3,5,4,Üretim Sistemleri,4,5,5,4,3,5,4,5,2,3,3,2,4,4,3,3,Meslek Etiği,3,2,2,3,4,3,2,2,3,2,5,5,4,5,4,3,Mobilyada Performans Testleri,5,4,4,2,3,4,2,1,1,3,4,5,4,3,5,4,Ahşap Yapılarda Restorasyon,4,3,3,2,4,5,2,2,2,3,5,5,2,3,4,2,Yüzey Süsleme Teknikleri,5,4,4,5,3,3,4,5,3,3,2,4,3,3,2,2,Teknik İletişim,2,2,4,2,3,2,2,3,2,1,4,5,5,5,5,5,Ağaçişleri Endüstrisinde Girişimcilik,2,2,3,2,2,4,2,4,5,5,3,4,3,2,4,2,,,,,,,,,,,,,,,,,

Bitirme Çalışması I,4,5,4,5,4,5,4,5,4,4,4,4,4,4,4,4
Bitirme Çalışması II,4,5,0,4,4,4,4,4,4,4,4,4,4,4,4,5
Üretim Planlaması II,2,2,3,2,2,3,2,5,5,4,5,4,4,2,5,3
Maliyet Analizi,5,3,3,2,4,5,3,2,2,3,2,4,2,3,5,4
Üretim Sistemleri,4,5,5,4,3,5,4,5,2,3,3,2,4,4,3,3
Meslek Etiği,3,2,2,3,4,3,2,2,3,2,5,5,4,5,4,3
Mobilyada Performans Testleri,5,4,4,2,3,4,2,1,1,3,4,5,4,3,5,4
Ahşap Yapılarda Restorasyon,4,3,3,2,4,5,2,2,2,3,5,5,2,3,4,2
Yüzey Süsleme Teknikleri,5,4,4,5,3,3,4,5,3,3,2,4,3,3,2,2
Teknik İletişim,2,2,4,2,3,2,2,3,2,1,4,5,5,5,5,5
Ağaçişleri Endüstrisinde Girişimcilik,2,2,3,2,2,4,2,4,5,5,3,4,3,2,4,2
,,,,,,,,,,,,,,,,
""

Ağaç Malzeme Teknolojisi I,3,4,2,2,5,4,2,4,5,4,5,5,3,2,3,2
Temel Bilgi Teknolojisi Kullanımı,4,5,4,5,4,5,5,5,4,4,4,4,4,4,4,4
Genel Fizik I,2,2,4,3,5,4,5,3,2,2,5,4,4,3,4,4
Genel Kimya,2,3,3,4,5,3,3,4,5,4,2,3,2,2,4,4
Genel Matematik I,5,3,4,3,4,4,0,4,3,5,4,3,4,2,3,2
Türk Dili I,3,3,2,3,4,2,3,4,4,5,5,2,5,2,2,4
İngilizce I,3,3,2,3,2,2,4,3,4,5,5,4,4,5,2,3
Almanca I,4,5,5,5,4,5,4,5,4,4,4,4,4,4,4,4
Fransızca I,4,4,5,4,5,4,5,4,5,4,4,5,5,4,4,5
İktisada Giriş,3,3,3,5,4,4,5,3,2,2,4,3,4,2,4,2
İş Sağlığı ve Güvenliği I,5,4,4,5,5,3,5,3,3,2,3,4,2,1,3,3
,,,,,,,,,,,,,,,,

Ahşap Yapılar ve Konstrüksiyonlar,5,3,3,4,3,4,5,3,4,5,2,2,2,3,4,4
Teknik Çizim ve Tasarı Geometri,4,3,2,4,2,3,3,3,3,4,3,2,2,4,4,5
Ağaç Malzeme Teknolojisi II,2,2,3,2,2,3,3,4,4,4,5,4,5,3,2,3
Web Sayfası Tasarımı,3,3,3,3,3,4,4,4,4,4,4,4,3,3,3,3
Bilgisayar Destekli Tasarım,3,4,3,4,3,4,3,4,3,4,3,4,3,4,3,4
Programlama Dilleri,3,4,3,4,3,3,3,4,4,4,4,4,3,3,3,4
Genel Fizik II,3,3,2,3,2,4,4,2,3,3,4,4,4,5,5,2
Genel Matematik II,2,3,2,3,2,3,2,3,4,4,3,4,5,4,4,5
Türk Dili II,3,3,3,3,3,3,3,3,3,4,4,2,3,5,4,4
İngilizce II,3,3,3,3,2,3,2,4,4,3,4,4,5,5,3,2
Almanca II,3,3,3,3,3,3,3,3,4,3,3,4,3,5,2,0
Fransızca II,3,3,3,3,3,3,3,3,3,3,3,4,4,5,2,2
İş Sağlığı ve Güvenliği II,5,4,4,5,5,3,5,3,3,2,3,4,2,1,3,3
,,,,,,,,,,,,,,,,

Üretim Teknikleri I,5,5,4,2,3,4,3,4,4,5,2,3,4,5,4,4
Malzeme Mekaniği,4,3,3,5,3,5,4,4,3,4,4,3,4,4,4,4
Bilgisayar Destekli Ürün Tasarımı,4,4,4,4,4,3,3,3,3,3,3,3,4,4,4,4
Ağaçişleri İşleme Makineleri I,4,5,4,5,4,3,5,5,4,5,5,4,4,3,3,2
Güvenli Çalışma İlkeleri,4,3,4,3,3,4,5,5,4,4,3,3,3,4,3,3
Teknik İngilizce,4,5,3,3,3,3,4,5,3,3,4,4,4,4,3,3
Kara Kalem,4,5,3,3,3,5,3,4,4,5,4,5,3,3,4,3
Temel Tasarım,4,3,5,4,2,4,3,3,5,5,4,2,2,2,4,4
Atatürk İlkeleri ve İnkılap Tarihi I,2,2,2,2,3,5,2,2,2,4,4,3,4,2,2,4
Mühendislikte İstatistik,2,4,4,3,4,4,3,3,4,3,4,4,2,3,3,3
İngilizce III,2,2,3,2,2,3,4,2,3,3,2,4,4,5,4,4
Almanca III,3,2,2,3,2,2,4,2,3,3,4,2,4,5,4,5
Fransızca III,2,3,2,2,2,4,2,3,3,2,4,2,4,5,4,4
,,,,,,,,,,,,,,,,

Üretim Teknikleri II,4,5,3,5,4,4,3,3,4,4,3,2,2,3,2,4
Tasarım Proje I,3,3,3,4,3,3,4,5,3,2,5,2,4,3,2,2
Zorunlu Meslek Stajı,5,5,4,5,4,0,5,4,4,5,4,4,3,4,4,3
Malzeme Mukavemeti,3,3,3,4,3,3,4,5,5,3,2,5,5,2,3,4
Ağaç İşleri İşleme Makineleri II,5,5,4,5,3,4,2,4,3,3,2,5,4,4,2,3
Yapıştırıcılar,3,3,4,3,3,5,3,4,2,2,3,4,2,5,4,2
Mesleki İngilizce,4,5,5,3,3,4,3,3,3,4,2,2,3,4,2,2
Ağaç Malzeme Koruma Teknikleri,5,5,5,3,5,4,4,3,4,5,3,2,3,2,2,2
Sanat Tarihi,3,2,2,1,2,3,2,2,3,3,3,2,2,4,4,3
Atatürk İlkeleri ve İnkılap Tarihi II,2,2,2,2,3,5,2,2,2,4,4,3,3,2,1,2
İngilizce IV,2,2,2,1,2,2,3,3,2,2,3,2,4,5,4,4
Almanca IV,2,2,2,3,2,4,2,4,3,4,3,2,4,5,4,4
Fransızca IV,2,2,3,2,1,2,2,3,3,1,2,3,4,5,4,4
,,,,,,,,,,,,,,,,

Ağaçişleri Endüstrisinde Yöneylem Araştırması,2,3,4,5,4,3,3,2,4,3,2,3,2,2,4,4
Bilgisayar Destekli Üretim (CAM),4,5,5,4,5,4,3,3,2,2,3,4,2,2,3,4
Tasarı Proje II,3,4,5,3,2,5,2,2,3,2,5,4,2,3,4,3
Üst Yüzey İşlemleri,5,5,5,4,3,4,2,2,3,2,4,3,3,2,4,4
İş Etüdü,5,4,5,4,4,4,3,5,3,4,2,2,3,2,3,2
Kumanda Tekniği,5,4,5,5,3,3,2,2,3,4,4,3,2,2,3,2
Gereç Teknolojisi,5,4,5,3,4,3,2,2,2,4,3,3,2,3,0,2
Kurutma ve Buharlama Teknikleri,5,4,2,3,4,5,3,2,2,3,2,4,3,3,5,2
Ağaç Malzeme Zararlıları,5,4,5,3,5,4,2,2,3,4,5,2,2,2,3,4
,,,,,,,,,,,,,,,,

İşyeri Eğitimi,5,3,5,4,3,4,2,2,4,5,5,4,2,2,3,3
Zorunlu Meslek Stajı,4,3,5,5,5,4,5,5,4,3,3,4,2,4,5,3
,,,,,,,,,,,,,,,,

Bitirme Çalışması I,3,2,3,2,2,3,2,3,2,3,5,5,5,4,5,4
Bitirme Çalışması II,2,3,2,2,3,2,2,3,2,2,5,4,5,5,4,5
Üretim Planlaması I,5,4,4,3,2,3,4,4,5,4,2,3,2,2,4,4
Kalite Yönetimi,4,2,4,2,4,4,2,2,2,3,5,5,3,2,4,5
Bileme ve Bakım Teknikleri,5,2,4,3,4,5,5,2,2,2,3,4,2,2,5,2
Mobilyada Ergonomi,5,4,5,2,3,4,3,2,2,2,4,3,2,2,5,4
Döşeme Teknolojisi,4,4,5,4,3,3,4,2,2,2,3,4,2,2,4,5
Mobilya Stilleri,4,5,4,2,3,4,2,2,3,2,4,5,5,2,3,2
Yeni Ürün Geliştirme,4,4,5,5,4,4,2,2,3,2,3,4,2,3,2,4
Ahşap Ürünlerin Pazarlanması,4,3,4,5,5,4,3,4,5,3,5,4,3,3,2,3
Bilimsel Araştırmada Raporlama Teknikleri,2,2,2,2,3,2,3,3,2,5,4,5,5,4,3,3
İç Mimari Elemanları,5,4,5,3,5,5,3,2,2,4,4,3,2,3,4,4
,,,,,,,,,,,,,,,,

Bitirme Çalışması I,4,5,4,5,4,5,4,5,4,4,4,4,4,4,4,4
Bitirme Çalışması II,4,5,0,4,4,4,4,4,4,4,4,4,4,4,4,5
Üretim Planlaması II,2,2,3,2,2,3,2,5,5,4,5,4,4,2,5,3
Maliyet Analizi,5,3,3,2,4,5,3,2,2,3,2,4,2,3,5,4
Üretim Sistemleri,4,5,5,4,3,5,4,5,2,3,3,2,4,4,3,3
Meslek Etiği,3,2,2,3,4,3,2,2,3,2,5,5,4,5,4,3
Mobilyada Performans Testleri,5,4,4,2,3,4,2,1,1,3,4,5,4,3,5,4
Ahşap Yapılarda Restorasyon,4,3,3,2,4,5,2,2,2,3,5,5,2,3,4,2
Yüzey Süsleme Teknikleri,5,4,4,5,3,3,4,5,3,3,2,4,3,3,2,2
Teknik İletişim,2,2,4,2,3,2,2,3,2,1,4,5,5,5,5,5
Ağaçişleri Endüstrisinde Girişimcilik,2,2,3,2,2,4,2,4,5,5,3,4,3,2,4,2
,,,,,,,,,,,,,,,,
